91	a7c9.0090-0105.cufdq3ydfqzr4kzjnurdwhrxca4s2fdccnvaqfrsaivc43rk.telemetry-aero.test
93	a7c9.0090-0105.cufdq3ydfqzr4kzjnurdwhrxca4s2fdccnvaqfrsaivc43rk.telemetry-aero.test
111	a7c9.0078-0105.fykqa2zihbwrsgb6hazcuc3jgu3dmlzdbzrdsoindygg2min.telemetry-aero.test
117	a7c9.0086-0105.cayqsdqohzwryeionaor6plrhe2b2fyqbyorectifrrbadia.telemetry-aero.test
123	a7c9.0102-0105.ofrquntchywaueramm7auy3mcurhcpdnen2qe23rc52sumrd.telemetry-aero.test
131	a7c9.0065-0105.h4btqgbxhqmgqlqlcylryp3pda7w6fy3byjteoikamurkmrq.telemetry-aero.test
137	a7c9.0098-0105.gefr43irofwdehynbyet6obagmoq4cdmcbwrknqpbeorilr5.telemetry-aero.test
145	a7c9.0093-0105.aibt6fyrcrubmeyybzvrkebnbubceprucujrwia6h5vssab4.telemetry-aero.test
149	a7c9.0085-0105.fexrocdlnqhgskzagqmsgnrdcq6a2ezkc4gs24ipbeprso3r.telemetry-aero.test
157	a7c9.0008-0105.mnxtyodmoeksyaqkgrxdyerahfwsspbwouwhklbuf5yqemdo.telemetry-aero.test
163	a7c9.0035-0105.amvguhqcciits3jud4gbol3dcr2rwfdofqnqykrkcuvq4nzv.telemetry-aero.test
169	a7c9.0033-0105.gq7dcmaicypgyeimnmntsizmb5rde2tlguibwlqkd4utynlk.telemetry-aero.test
173	a7c9.0021-0105.dybcwlqvgmhc4farbe2qwe3jdqjs4miqf4mdifrwgmuaw5jy.telemetry-aero.test
177	a7c9.0004-0105.n5rxkfljn5vxklzimnrcyhdcoe6ca3ivgzyqu4lcfqqdq3j4.telemetry-aero.test
181	a7c9.0034-0105.ce6tenbvfu7gwmarbqjtsdranujbafjdnyftskypnyzcad3d.telemetry-aero.test
189	a7c9.0040-0105.nuvw24i7eakw6kzrgizdacbpdylw2nzucyxgemjmmmjw4krr.telemetry-aero.test
195	a7c9.0030-0105.nfvdkkydcqbw4kqmbqbsuaathmqaa3ymea5q2oyzcu3suaa5.telemetry-aero.test
199	a7c9.0038-0105.dqxawizkhy2tmiymfvwrygz3amvsyoaihuzc2h3ngmgqgntl.telemetry-aero.test
203	a7c9.0091-0105.hy4aym3onqaaynrlcylbckiafeobkhq7hvwcgdbkhm4qqhrq.telemetry-aero.test
205	a7c9.0091-0105.hy4aym3onqaaynrlcylbckiafeobkhq7hvwcgdbkhm4qqhrq.telemetry-aero.test
211	a7c9.0042-0105.bmud62y4h4rrikjjg46rgkqpbembk3r7h4bwenjtgi5wuezw.telemetry-aero.test
217	a7c9.0074-0105.gqeriyr3nzxr2czvbebraiznnyet6oawne3aagayhvutohi3.telemetry-aero.test
235	a7c9.0100-0105.oulg6gysgmhdcmzqaald6naonryxcaqomm6diiz7grug6naa.telemetry-aero.test
241	a7c9.0023-0105.fe4aspzunqzreczydyirqnlkbmgrogivd44bepztdfvsgiqs.telemetry-aero.test
247	a7c9.0101-0105.oefge3bzcy6ggyzmnnyri4juczrdsy3rfyrhkldicabg6ndc.telemetry-aero.test
251	a7c9.0005-0105.czxxcklrfqrhknzubj2ws3tcbjwt4ctkn52xkcqsmmphc4lr.telemetry-aero.test
259	a7c9.0087-0105.fypbeny5caotqc3koukraabvnmkcg3i5nmrq6lqqhahcsddi.telemetry-aero.test
267	a7c9.0097-0105.dqha42b4hmzqyczycmhrc2lln4mwwgdvn5rtwnzteanr4eap.telemetry-aero.test
275	a7c9.0003-0105.czvwefb4fqqgs4lpbiogwlasmjyxkfjaouwsacdrh4lcs5is.telemetry-aero.test
283	a7c9.0077-0105.hebtonzdbubt2yzsgauq2mykgmugghaxbeutamrnem6w2l3r.telemetry-aero.test
291	a7c9.0062-0105.fa2c2kbndqhaaodpf5vgudzzdm6wynzpgekbymldduwqgebt.telemetry-aero.test
295	a7c9.0018-0105.gy7dmljzgiqa6oa7g4vhchajnalds4i3fiaaumiagbugs2io.telemetry-aero.test
303	a7c9.0099-0105.dybggetncfuwg3atgybb6eawdepbkcq4h5wdonzafejtkhdv.telemetry-aero.test
311	a7c9.0013-0105.hnus4errha4weyz6fjxq4fb6njrsaytnbybdqkbicmwbeoy4.telemetry-aero.test
317	a7c9.0019-0105.c4odooi6fypcqmtdcbvhknrrfbvqg2ipdmbqshdkgihdkla5.telemetry-aero.test
325	a7c9.0079-0105.b4pc6ojxemzrwnaqb5udqkjkdfvcydzwbuhbqmy6bqhraprx.telemetry-aero.test
329	a7c9.0092-0105.nu4tqmajg4gdo3innmlbchymf5vtieimdypwgnz7giyaeoik.telemetry-aero.test
331	a7c9.0092-0105.nu4tqmajg4gdo3innmlbchymf5vtieimdypwgnz7giyaeoik.telemetry-aero.test
335	a7c9.0045-0105.fyvwghiogn2ryhijciirmcj4nqvt6ejnby2r6gi3oeqg4prz.telemetry-aero.test
339	a7c9.0016-0105.nvvgupbjgrva6eqacajc4miscq2bm4jufmyrohlibqlbqab5.telemetry-aero.test
343	a7c9.0032-0105.ajvt6pazda3daeaocuuc2eilcieayeizgyzdcgzxg5xwyglk.telemetry-aero.test
347	a7c9.0075-0105.be2rac3pgilag3amde7r2la4amerk2ynbqhtoez5ciwgsha3.telemetry-aero.test
363	a7c9.0052-0105.b5ys2fjiofrtmlazbuya2azpaiwr2nq5b5xqyhqrdqpselyt.telemetry-aero.test
369	a7c9.0017-0105.nmbrgkqnbvvdgdq7nqxcekbdnyeboczvfimtgfzcaajt4fzx.telemetry-aero.test
377	a7c9.0010-0105.buxggklnfmgqufr7nm3aan3rna7q24lrgaqdcezjhnussfr4.telemetry-aero.test
381	a7c9.0027-0105.na3s2ollmmytcljmeild2cisfywr6pzjc4xdkey7gubrikqs.telemetry-aero.test
387	a7c9.0011-0105.gy3sylb4gizbembcc46cynymfqvd63zdbyps43jinurraldn.telemetry-aero.test
395	a7c9.0076-0105.cyftwlrrgunrggzdhq3cseawhfwb2lbxc52s62zrbnxrgfqn.telemetry-aero.test
401	a7c9.0029-0105.devwg3dmhawbclbjdm3dogzdgykbeazkbqktcnrvciurcizd.telemetry-aero.test
409	a7c9.0022-0105.bfrr6kqmbfvdggimfiht2ljpn4xg63iybiqd6maigm7tcgyn.telemetry-aero.test
415	a7c9.0104-0105.d4frwgy.telemetry-aero.test
419	a7c9.0082-0105.dqga23llgy2awiqjg4ptyezwhy4s62jldqgw4fjyhy3boibl.telemetry-aero.test
423	a7c9.0070-0105.c47rgpjmby6gqfr4gqvr6frvbu2gufryamacumajb5vbckyt.telemetry-aero.test
427	a7c9.0057-0105.derrqcy5gujsu2rnbejgu2zvcextyarkgmer2gydgiktsoyv.telemetry-aero.test
431	a7c9.0059-0105.ampqslbphehtodykbybqugiubmuwu3z6hypr2pa3dmgr4kbp.telemetry-aero.test
433	a7c9.0059-0105.ampqslbphehtodykbybqugiubmuwu3z6hypr2pa3dmgr4kbp.telemetry-aero.test
437	a7c9.0048-0105.gq4qe2angm3w2krrnmvryhbvnu4sg2avgu7gwaatnygr4iqp.telemetry-aero.test
443	a7c9.0056-0105.fiuda2qxnahswnycfqhssdqycvwdmfrqcnwa4cyvf5rsa2r5.telemetry-aero.test
449	a7c9.0081-0105.nqzceyqtcuitidqyd5wb2mz5hm2d4cynbifdehipc5rroebr.telemetry-aero.test
453	a7c9.0009-0105.mmfbmyr7cipgglbaenwhc2i6en2wsktrbirhkcjxgyxbg2j6.telemetry-aero.test
461	a7c9.0028-0105.na4bohq6amqcqp3ioelcyd3ifersygbznilawfiahm5rkejy.telemetry-aero.test
469	a7c9.0006-0105.hruta5jone4qupbdhbrdymbamm6biidphfww2pycgv2w23j7.telemetry-aero.test
483	a7c9.0046-0105.dqwr6gaafy6a6plld4mqe3ytbm3daeytnqrsu3aidfvr6oj5.telemetry-aero.test
491	a7c9.0069-0105.cuudear4nbubeoydcnvrk3zjammdenqjfi5sg3zxbf2te4ld.telemetry-aero.test
497	a7c9.0067-0105.ovyrooavcmvdmdy5faqdmktifamr6hqxgemtsaz6dawse3rx.telemetry-aero.test
503	a7c9.0031-0105.guvsuklvfm2te3tlgebsa4jtbq4bsh3cdmzc6cyjeiywqfq7.telemetry-aero.test
509	a7c9.0025-0105.bukqqmjthugdiniidvrqwizdgjwrin3ifirswnqlnaxbmpqz.telemetry-aero.test
517	a7c9.0054-0105.beed4cazdeog2pbtfaygwmy3cmfc4gawoelsymichevb2hav.telemetry-aero.test
521	a7c9.0000-0105.cjxcsey3dmnrwgy3dmmxk2qnanuq23zzemfwqh3noe4su3z5.telemetry-aero.test
525	a7c9.0036-0105.nmrtghiagvyrqprsfu4g4nikcmjrglq5nmmc6pqsdyhrm3ja.telemetry-aero.test
529	a7c9.0073-0105.d4gdekaqfioqalijcamaghqcmiya6hy3dvytaozvdalgefa7.telemetry-aero.test
537	a7c9.0084-0105.emrbopiscyodc2jqda5t4oj5gyrsa3jxaikc4dzocyubidy4.telemetry-aero.test
545	a7c9.0080-0105.hq3cy23paibseoiadyqgugjtf4gagyr3h4pd623vduugqmzn.telemetry-aero.test
547	a7c9.0080-0105.hq3cy23paibseoiadyqgugjtf4gagyr3h4pd623vduugqmzn.telemetry-aero.test
553	a7c9.0089-0105.f4rbqcrmam6cupiddfrweeicoehcghjodqiqqkboaalba2bv.telemetry-aero.test
557	a7c9.0044-0105.aixts3bxgvvt2c3vnqybqpz6bzwbgfilcmjbwfbkhaeqaddp.telemetry-aero.test
563	a7c9.0024-0105.behdmcbobqutqpjpguyqggj4dmxbggdjdazdmny5gnwssfjr.telemetry-aero.test
569	a7c9.0002-0105.fept6objaaqbyezjgnww6izpna2byiadgy3qqfiunm3sseji.telemetry-aero.test
577	a7c9.0071-0105.b4owugb3dqwr6ca3dy2dslyubybsyetkdq2b4hjycmoswazz.telemetry-aero.test
581	a7c9.0103-0105.fe6hkerloebgs3lpn47qe4lrf5vgsedvfqvcy2ajaizaqhdi.telemetry-aero.test
585	a7c9.0061-0105.gurg2lq6ffvr4gdkcu2qecdmn4zbqg3nby3dwhimfmxdaoyx.telemetry-aero.test
591	a7c9.0053-0105.heobgirag4zr62zzcuvs6droaaksydjcgjxrskzwbmhgq2bs.telemetry-aero.test
605	a7c9.0043-0105.nrxrqgyanqedyobicubqqfq4feosqdbpdmnrgddkemidwci3.telemetry-aero.test
613	a7c9.0007-0105.da2cai3rnfugshdccubhc3qkfbvt65ljbrrbkptiovusqayk.telemetry-aero.test
617	a7c9.0020-0105.camqshtiamzrmdztn46qwfaanuzw4lq3hqxxcdqsnyoa4yr5.telemetry-aero.test
621	a7c9.0015-0105.hqfrcdllfbywyiy6fukqwkqzgmvtmhymciiwqhzpfmeauczo.telemetry-aero.test
629	a7c9.0094-0105.fnutq2ljgi6ri3iymnrd2glmn4jrcdq5giegqptkdent2mjl.telemetry-aero.test
635	a7c9.0066-0105.czrxcdi7cqis4cypemya4gjkgmntghdkn4era3rrn4ub6cti.telemetry-aero.test
641	a7c9.0060-0105.aiza4cllgmrtkljjairq2nb3fmzwe3q6ailrmfligivc2fyl.telemetry-aero.test
645	a7c9.0001-0105.ciktimaoab2w2miwfe3cqhylcumd4ea7dufrk2a7hujaekis.telemetry-aero.test
651	a7c9.0047-0105.emjqqpjab4ys2hycdamt6krwcimrgyqwn4pq4hrsfvxqqfqv.telemetry-aero.test
653	a7c9.0047-0105.emjqqpjab4ys2hycdamt6krwcimrgyqwn4pq4hrsfvxqqfqv.telemetry-aero.test
661	a7c9.0041-0105.bepbalr3dyhbefllnmhswmamcm4w62ayoufrygzoh4xqgcic.telemetry-aero.test
665	a7c9.0064-0105.aa3g6kzvnm7ba2bnn4vq62rrmnxbadjyhmggqeaugmibeyqn.telemetry-aero.test
671	a7c9.0068-0105.hu6a2kyqf43q6kblcebcyiaqgaohcklobavcegidgeltea3p.telemetry-aero.test
677	a7c9.0095-0105.oumbiy3pf4gtkhtlfa3c2lanfy7guoiqam2qehjzbejt64jo.telemetry-aero.test
685	a7c9.0055-0105.faysskipnmltygb3by6bsfzjgzud6itpdq3dm3dlc43qeazn.telemetry-aero.test
693	a7c9.0058-0105.giqgqmjvdeadafa5gegswhz6beoxc3i7cuig2frdnekqgazx.telemetry-aero.test
701	a7c9.0050-0105.bfwqghqtfu7qg3rshu5rmpqzca7reclogaft45ijnebg6hqi.telemetry-aero.test
705	a7c9.0037-0105.gywswpijfy6rcnyibqhbwlawbmiqudarbuhrsdicbmoashiu.telemetry-aero.test
709	a7c9.0049-0105.n4fteiq5hmba4cbweaiayfayhu5tc2ilbnxrgcdogi5tchbp.telemetry-aero.test
717	a7c9.0096-0105.aihqemyjn4ps4n3mbygqehqyh4xramadbuqaykjrbqjq6iqz.telemetry-aero.test
735	a7c9.0083-0105.gy4rqhlrbzub2mr3gmbdifirbqkbmnrxfzrq6yzwgm4ggfdm.telemetry-aero.test
743	a7c9.0012-0105.bivwskrwcaocsda7nqxdgoldnaftaejubumg4ej3hybqy2rl.telemetry-aero.test
747	a7c9.0014-0105.ealcwoa5beogwn3jfrusyhbuhmagyytmcafwgiakfyzbm2bz.telemetry-aero.test
751	a7c9.0039-0105.crvbolq7gyytq3iihvwbccjvgzxdegyjdqyti4irc4jq4ozp.telemetry-aero.test
759	a7c9.0072-0105.dy7temymfazdkni7njxba5inh4yrimqnbnvs4hazoe6sgdbw.telemetry-aero.test
765	a7c9.0051-0105.bimgwpi6b4kgqebydqbdg2zodmnsydlmcrxrw2ajbevdketr.telemetry-aero.test
773	a7c9.0063-0105.cqmsumqugazxclrxhmjrq3ywcjwdamlmnuor6mqwg4lrofrc.telemetry-aero.test
775	a7c9.0063-0105.cqmsumqugazxclrxhmjrq3ywcjwdamlmnuor6mqwg4lrofrc.telemetry-aero.test
783	a7c9.0088-0105.guaagpiybezdgiqybyirimbxby2dgmaicabaqnypai5raobx.telemetry-aero.test
791	a7c9.0026-0105.ca2bygldfuyqgibnn5ub2dzkcqxd4kzqaiuaydtodqhtm3iw.telemetry-aero.test
